Organization/Person Name,Organization/Person Name URL,Number of Investments,Number of Exits,Location
IDG Capital,https://www.crunchbase.com/organization/idg-capital-partners,537,56,"Beijing, Beijing, China"
Sequoia Capital China,https://www.crunchbase.com/organization/sequoia-capital-china,338,46,"Beijing, Beijing, China"
Qiming Venture Partners,https://www.crunchbase.com/organization/qiming-venture-partners,335,25,"Shanghai, Shanghai, China"
Tencent Holdings,https://www.crunchbase.com/organization/tencent,327,48,"Shenzhen, Guangdong, China"
Matrix Partners China,https://www.crunchbase.com/organization/matrix-partners-china,296,18,"Beijing, Beijing, China"
ZhenFund,https://www.crunchbase.com/organization/zhenfund,259,9,"Beijing, Beijing, China"
HAX,https://www.crunchbase.com/organization/hax-accelerator,254,3,"Shenzhen, Guangdong, China"
Shenzhen Capital Group,https://www.crunchbase.com/organization/shenzhen-capital-group,203,27,"Shenzhen, Guangdong, China"
Sinovation Ventures,https://www.crunchbase.com/organization/sinovation-ventures,175,15,"Beijing, Beijing, China"
Legend Capital,https://www.crunchbase.com/organization/legend-capital,165,18,"Beijing, Beijing, China"
Shunwei Capital,https://www.crunchbase.com/organization/shunwei-china-internet-fund,154,9,"Beijing, Beijing, China"
Morningside Group,https://www.crunchbase.com/organization/morningside-group,153,25,"Shanghai, Shanghai, China"
Microsoft Accelerator Beijing,https://www.crunchbase.com/organization/microsoft-ventures-accelerator-beijing-2,152,1,"Beijing, Beijing, China"
Alibaba Group,https://www.crunchbase.com/organization/alibaba,143,27,"Hangzhou, Zhejiang, China"
Chinaccelerator,https://www.crunchbase.com/organization/chinaccelerator,134,2,"Shanghai, Shanghai, China"
Northern Light Venture Capital,https://www.crunchbase.com/organization/northern-light-venture-capital,132,10,"Beijing, Beijing, China"
Cherubic Ventures,https://www.crunchbase.com/organization/cherubic-ventures,128,7,"Beijing, Beijing, China"
SIG China,https://www.crunchbase.com/organization/sig-china,117,9,"Shanghai, Shanghai, China"
Empower Investment,https://www.crunchbase.com/organization/empower-investment,116,,"Shanghai, Shanghai, China"
Gobi Partners,https://www.crunchbase.com/organization/gobi-partners,106,4,"Shanghai, Shanghai, China"
Hillhouse Capital Group,https://www.crunchbase.com/organization/hillhouse-capital,105,21,"Changyang, Beijing, China"
Source Code Capital,https://www.crunchbase.com/organization/source-code-capital,98,4,"Changyang, Beijing, China"
Baidu,https://www.crunchbase.com/organization/baidu,87,13,"Beijing, Beijing, China"
China Growth Capital,https://www.crunchbase.com/organization/china-growth-capital,83,3,"Beijing, Beijing, China"
K2VC,https://www.crunchbase.com/organization/k2-vc,79,1,"Chaoyang, Liaoning, China"
Morningside Venture Capital,https://www.crunchbase.com/organization/morningsidevc,72,6,"Xuhui, Shanghai, China"
Vertex Ventures China,https://www.crunchbase.com/organization/vertex-ventures-china,71,6,"Beijing, Beijing, China"
Yunqi Partners,https://www.crunchbase.com/organization/yunqi-partners,71,,"Shanghai, Shanghai, China"
N5Capital,https://www.crunchbase.com/organization/n5capital,69,,"Beijing, Beijing, China"
Bertelsmann Asia Investment Fund,https://www.crunchbase.com/organization/bertelsmann-asia-investment-fund,66,8,"Beijing, Beijing, China"
Gaorong Capital,https://www.crunchbase.com/organization/banyan-capital,62,4,"Beijing, Beijing, China"
CBC Capital,https://www.crunchbase.com/organization/cbc-capital,60,3,"Beijing, Beijing, China"
Lightspeed China Partners,https://www.crunchbase.com/organization/lightspeed-china-partners,57,3,"Shanghai, Shanghai, China"
JD.com,https://www.crunchbase.com/organization/jd-com,56,14,"Beijing, Beijing, China"
SB China Venture Capital,https://www.crunchbase.com/organization/softbank-china-venture-capital,56,2,"Shanghai, Shanghai, China"
Legend Star,https://www.crunchbase.com/organization/legendstar,54,1,"Beijing, Beijing, China"
Node Capital,https://www.crunchbase.com/organization/node-capital,50,,"Beijing, Beijing, China"
Fosun Group,https://www.crunchbase.com/organization/fosun-international,49,5,"Shanghai, Shanghai, China"
PreAngel,https://www.crunchbase.com/organization/preangel,49,1,"Beijing, Beijing, China"
Xiaomi,https://www.crunchbase.com/organization/xiaomi,47,7,"Beijing, Beijing, China"
Lilly Asia Ventures,https://www.crunchbase.com/organization/lilly-asia-ventures,47,5,"Shanghai, Shanghai, China"
Tiantu Capital,https://www.crunchbase.com/organization/tiantu-capital,44,4,"Shenzhen, Guangdong, China"
Chengwei Capital,https://www.crunchbase.com/organization/chengwei-capital,43,4,"Shanghai, Shanghai, China"
Ant Financial,https://www.crunchbase.com/organization/alipay,41,6,"Hangzhou, Zhejiang, China"
FREES FUND,https://www.crunchbase.com/organization/freesfund,41,1,"Beijing, Beijing, China"
DT Capital Partners,https://www.crunchbase.com/organization/dt-capital-partners,40,3,"Shanghai, Shanghai, China"
Zhonglu Capital,https://www.crunchbase.com/organization/zhonglu-capital,40,,"Shanghai, Shanghai, China"
Green Pine Capital,https://www.crunchbase.com/organization/green-pine-capital,37,,"Shenzhen, Guangdong, China"
Decent Capital,https://www.crunchbase.com/organization/decent-capital,37,1,"Shenzhen, Guangdong, China"
Trustbridge Partners,https://www.crunchbase.com/organization/trustbridge-partners,36,4,"Shanghai, Shanghai, China"
Fortune Venture Capital,https://www.crunchbase.com/organization/fortune-venture-capital,36,7,"Shenzhen, Guangdong, China"
BlockVC,https://www.crunchbase.com/organization/blockvc,35,,"Beijing, Beijing, China"
Ventech China,https://www.crunchbase.com/organization/ventech-china,35,2,"Shanghai, Shanghai, China"
TAL Education Group,https://www.crunchbase.com/organization/tal,34,1,"Beijing, Beijing, China"
Tencent Industry Win-Win Fund,https://www.crunchbase.com/organization/tencent-industry-win-win-fund,34,3,"Shenzhen, Guangdong, China"
CICC,https://www.crunchbase.com/organization/cicc,33,5,"Beijing, Beijing, China"
Renren Inc.,https://www.crunchbase.com/organization/renren-inc,33,4,"Chaoyang, Liaoning, China"
Zero2IPO Ventures,https://www.crunchbase.com/organization/zero2ipo-ventures,33,4,"Beijing, Beijing, China"
Capital Today,https://www.crunchbase.com/organization/capital-today,32,4,"Shanghai, Shanghai, China"
Vision Plus Capital,https://www.crunchbase.com/organization/vision-plus,31,1,"Hangzhou, Zhejiang, China"
Yonghua Capital,https://www.crunchbase.com/organization/yonghua-capital,31,,"Shanghai, Shanghai, China"
China Media Capital (CMC),https://www.crunchbase.com/organization/china-media-capital-cmc,30,4,"Shanghai, Shanghai, China"
Eastern Bell Venture Capital,https://www.crunchbase.com/organization/eastern-bell-venture-capital,30,1,"Shanghai, Shanghai, China"
MSA Capital,https://www.crunchbase.com/organization/magic-stone-alternative,30,5,"Beijing, Beijing, China"
Oriza Holdings,https://www.crunchbase.com/organization/oriza-holdings,29,3,"Suzhou, Jiangsu, China"
Fenbushi Capital,https://www.crunchbase.com/organization/fenbushi-capital,28,,"Shanghai, Shanghai, China"
Plum Ventures,https://www.crunchbase.com/organization/plum-ventures,28,1,"Changzhou, Zhejiang, China"
Alibaba Capital Partners,https://www.crunchbase.com/organization/alibaba-capital-partners,28,6,"Hangzhou, Zhejiang, China"
Ping An Ventures,https://www.crunchbase.com/organization/ping-an-ventures,27,2,"Pudong, Shandong, China"
China Equity,https://www.crunchbase.com/organization/china-equity,27,2,"Beijing, Beijing, China"
Oriental Fortune Capital,https://www.crunchbase.com/organization/oriental-fortune-capital,26,,"Shenzhen, Guangdong, China"
CID Group,https://www.crunchbase.com/organization/cid-group,26,9,"Shanghai, Shanghai, China"
ClearVue Partners,https://www.crunchbase.com/organization/clearvue-partners,24,1,"Shanghai, Shanghai, China"
NewMargin Ventures,https://www.crunchbase.com/organization/newmargin-growth-fund,24,1,"Shanghai, Shanghai, China"
DFJ DragonFund,https://www.crunchbase.com/organization/dfj-dragonfund,23,2,"Shanghai, Shanghai, China"
Bitmain,https://www.crunchbase.com/organization/bitmain,22,,"Beijing, Beijing, China"
Plug and Play China,https://www.crunchbase.com/organization/hanhai-plug-and-play,22,,"Zhengzhou, Henan, China"
Meituan-Dianping,https://www.crunchbase.com/organization/dianping,21,1,"Beijing, Beijing, China"
China Merchants Capital,https://www.crunchbase.com/organization/china-merchants-capital,21,1,"Shenzhen, Guangdong, China"
Hony Capital,https://www.crunchbase.com/organization/hony-capital,21,4,"Beijing, Beijing, China"
01vc,https://www.crunchbase.com/organization/01vc,21,,"Shanghai, Shanghai, China"
Tsing Capital,https://www.crunchbase.com/organization/tsing-capital,21,1,"Beijing, Beijing, China"
iD TechVentures,https://www.crunchbase.com/organization/id-techventures,21,5,"Shanghai, Shanghai, China"
Aplus Capital,https://www.crunchbase.com/organization/aplus-capital,20,,"Beijing, Beijing, China"
Sky9 Capital,https://www.crunchbase.com/organization/sky9-capital,20,,"Shanghai, Shanghai, China"
Didi Chuxing,https://www.crunchbase.com/organization/didi-dache,19,2,"Beijing, Beijing, China"
Consensus Lab,https://www.crunchbase.com/organization/consensus-lab-9e7d,19,,"Beijing, Beijing, China"
CHAIN CAPITAL,https://www.crunchbase.com/organization/chain-capital-a6f6,19,,"Shanghai, Shanghai, China"
Keytone Ventures,https://www.crunchbase.com/organization/keytone-ventures,19,5,"Beijing, Beijing, China"
Addor Capital,https://www.crunchbase.com/organization/addor-capital,19,,"Nanjing, Jiangsu, China"
WuXi AppTec,https://www.crunchbase.com/organization/wuxi-apptec,18,2,"Shanghai, Shanghai, China"
Qihoo 360 Technology,https://www.crunchbase.com/organization/qihoo-360-technology,18,2,"Beijing, Beijing, China"
Decheng Capital,https://www.crunchbase.com/organization/decheng-capital,18,4,"Shanghai, Shanghai, China"
China Merchants Bank,https://www.crunchbase.com/organization/china-merchants-bank,18,,"Shenzhen, Guangdong, China"
Cowin Capital,https://www.crunchbase.com/organization/cowin-capital,18,,"Shenzhen, Guangdong, China"
SkyChee Ventures,https://www.crunchbase.com/organization/skychee-ventures,18,,"Beijing, Beijing, China"
Bojiang Capital(BoomingStar Ventures for the US fund),https://www.crunchbase.com/organization/bojiangcapital,17,,"Shanghai, Shanghai, China"
Puhua Capital,https://www.crunchbase.com/organization/puhua-capital,17,,"Hangzhou, Zhejiang, China"
QF Capital,https://www.crunchbase.com/organization/qf-capital,17,,"Shenzhen, Guangdong, China"
Haiyin Capital,https://www.crunchbase.com/organization/haiyin-capital,17,2,"Beijing, Beijing, China"
Qingsong Fund,https://www.crunchbase.com/organization/qingsong-fund,17,,"Shenzhen, Guangdong, China"
GX Capital,https://www.crunchbase.com/organization/gx-capital,17,3,"Beijing, Beijing, China"
Ping An,https://www.crunchbase.com/organization/ping-an,16,2,"Shenzhen, Guangdong, China"
Boyu Capital,https://www.crunchbase.com/organization/boyu-capital,16,2,"Beijing, Beijing, China"
CITIC PE,https://www.crunchbase.com/organization/citic-pe,16,4,"Beijing, Beijing, China"
Highlight Capital,https://www.crunchbase.com/organization/highlight-capital-llc,16,1,"Nanjin, Jiangsu, China"
Blue Lake Capital AG,https://www.crunchbase.com/organization/blue-lake-capital-ag,16,,"Chaoyang, Liaoning, China"
Sina,https://www.crunchbase.com/organization/sina,15,1,"Shanghai, Shanghai, China"
CASH Capital,https://www.crunchbase.com/organization/cash-capital,15,,"Beijing, Beijing, China"
THG Ventures,https://www.crunchbase.com/organization/thg-ventures,15,,"Haidian, Beijing, China"
Innotech Capitals,https://www.crunchbase.com/organization/innotech-capitals,15,,"Shanghai, Shanghai, China"
Marathon Venture Partners,https://www.crunchbase.com/organization/marathon-venture-partners,15,,"Shanghai, Shanghai, China"
Kunlun,https://www.crunchbase.com/organization/kunlun,14,3,"Beijing, Beijing, China"
Ctrip,https://www.crunchbase.com/organization/ctrip,14,4,"Shanghai, Shanghai, China"
Primavera Capital Group,https://www.crunchbase.com/organization/primavera-capital,14,3,"Beijing, Beijing, China"
GP Capital,https://www.crunchbase.com/organization/gp-capital,14,,"Shanghai, Shanghai, China"
Kaitai Capital,https://www.crunchbase.com/organization/kaitai-capital,14,,"Hangzhou, Zhejiang, China"
Lenovo Capital and Incubator Group (LCIG),https://www.crunchbase.com/organization/lenovo-capital-and-incubator-group-lcig,14,1,"Beijing, Beijing, China"
IPV Capital,https://www.crunchbase.com/organization/ipv-capital,14,2,"Shanghai, Shanghai, China"
Milestone Capital China,https://www.crunchbase.com/organization/milestone-capital-china,14,3,"Shanghai, Shanghai, China"
Microsoft Accelerator Shanghai,https://www.crunchbase.com/organization/microsoft-accelerator-shanghai,14,,"Shanghai, Shanghai, China"
JD Finance,https://www.crunchbase.com/organization/jd-finance,13,,"Beijing, Beijing, China"
JRR Crypto,https://www.crunchbase.com/organization/jrr-crypto,13,,"Shanghai, Shanghai, China"
Cybernaut Venture Capital,https://www.crunchbase.com/organization/cybernaut-venture-capital,13,,"Hangzhou, Zhejiang, China"
Mustang Ventures,https://www.crunchbase.com/organization/mustang-ventures,13,7,"Shanghai, Shanghai, China"
Cheetah Mobile,https://www.crunchbase.com/organization/cheetah-mobile-2,12,1,"Beijing, Beijing, China"
Weibo,https://www.crunchbase.com/organization/weibo,12,,"Beijing, Beijing, China"
HOPU Investment Management Company,https://www.crunchbase.com/organization/hopu-fund,12,2,"Xicheng, Hebei, China"
Wu Capital,https://www.crunchbase.com/organization/wu-capital,12,1,"Beijing, Beijing, China"
Baring Private Equity Asia,https://www.crunchbase.com/organization/baring-private-equity-asia,12,4,"Shanghai, Shanghai, China"
Sumitomo Mitsui Banking Corporation,https://www.crunchbase.com/organization/sumitomo-mitsui-banking-corporation,12,2,"Shanghai, Shanghai, China"
Ivy Capital,https://www.crunchbase.com/organization/ivy-capital,12,2,"Shanghai, Shanghai, China"
China Minsheng Investment Group,https://www.crunchbase.com/organization/china-minsheng-investment-group,12,,"Shanghai, Shanghai, China"
Gopher Asset Management,https://www.crunchbase.com/organization/gopher-asset-management,12,2,"Shanghai, Shanghai, China"
Hongdao Capital,https://www.crunchbase.com/organization/hongdao-capital,12,,"Beijing, Beijing, China"
Shenzhen Cowin Venture Capital Investments,https://www.crunchbase.com/organization/shenzhen-cowin-venture-capital-investments,12,,"Shenzhen, Guangdong, China"
GF Securities,https://www.crunchbase.com/organization/gf-securities,12,1,"Guangzhou, Guangdong, China"
HNA Group,https://www.crunchbase.com/organization/hna-group,11,5,"Haikou, Hainan, China"
CreditEase,https://www.crunchbase.com/organization/creditease,11,,"Beijing, Beijing, China"
3E Bioventures,https://www.crunchbase.com/organization/3e-bioventures,11,,"Beijing, Beijing, China"
New Oriental Education & Technology,https://www.crunchbase.com/organization/new-oriental-education-technology,11,,"Haidian, Beijing, China"
Vision Knight Capital,https://www.crunchbase.com/organization/vision-knight-capital,11,,"Shanghai, Shanghai, China"
Haier Capital,https://www.crunchbase.com/organization/haier-capital,11,1,"Qingdao, Fujian, China"
AngelVest,https://www.crunchbase.com/organization/angelvest,11,,"Shanghai, Shanghai, China"
TF Capital,https://www.crunchbase.com/organization/tf-capital,11,1,"Pudong, Shandong, China"
ShenZhen GTJA Investment Group,https://www.crunchbase.com/organization/shenzhen-gtja-investment-group,11,,"Shenzhen, Guangdong, China"
Haitong International Securities Group,https://www.crunchbase.com/organization/haitong-international-securities-group,11,2,"Shanghai, Shanghai, China"
ZSVC,https://www.crunchbase.com/organization/zsvc,11,,"Beijing, Beijing, China"
PreIPO,https://www.crunchbase.com/organization/preipo,11,3,"Shanghai, Shanghai, China"
National SME Development Fund,https://www.crunchbase.com/organization/national-sme-development-fund,11,,"Shenzhen, Guangdong, China"
Share Capital,https://www.crunchbase.com/organization/share-capital,11,,"Shenzhen, Guangdong, China"
36Kr,https://www.crunchbase.com/organization/36kr,10,,"Beijing, Beijing, China"
"Shanghai Fosun Pharmaceutical (Group) Co.,Ltd",https://www.crunchbase.com/organization/shanghai-fosun-pharmaceutical,10,2,"Shanghai, Shanghai, China"
JD Capital,https://www.crunchbase.com/organization/jd-capital,10,1,"Beijing, Beijing, China"
China Renaissance,https://www.crunchbase.com/organization/china-renaissance,10,2,"Beijing, Beijing, China"
Cenova Ventures,https://www.crunchbase.com/organization/cenova-ventures,10,1,"Shanghai, Shanghai, China"
TCL Capital,https://www.crunchbase.com/organization/tcl-capital,10,,"Huizhou, Guangdong, China"
LH Capital Mangement (Shanghai),https://www.crunchbase.com/organization/lighthouse-capital-mangement--shanghai-,10,,"Shanghai, Shanghai, China"
BioVeda China Fund,https://www.crunchbase.com/organization/bioveda-china-fund,10,2,"Shanghai, Shanghai, China"
Xianghe Capital,https://www.crunchbase.com/organization/xianghe-capital,10,1,"Beijing, Beijing, China"
Oriza Seed Capital,https://www.crunchbase.com/organization/oriza-seed-capital,10,,"Suzhou, Jiangsu, China"
Qianhai Wutong Mergers and Acquisitions Funds,https://www.crunchbase.com/organization/qianhai-wutong-mergers,10,,"Shenzhen, Guangdong, China"
Sunac China Holdings,https://www.crunchbase.com/organization/sunac-china-holdings,9,1,"Tianjin, Guangdong, China"
Legend Holdings,https://www.crunchbase.com/organization/legend-holdings,9,1,"Beijing, Beijing, China"
FIH Mobile,https://www.crunchbase.com/organization/fih-mobile,9,2,"Langfang, Hebei, China"
WANDA Group,https://www.crunchbase.com/organization/wanda-group,9,2,"Beijing, Beijing, China"
CITIC Securities,https://www.crunchbase.com/organization/citic-securities,9,2,"Shenzhen, Guangdong, China"
Tiger Fund,https://www.crunchbase.com/organization/tiger-fund,9,4,"Beijing, Beijing, China"
TusPark Ventures,https://www.crunchbase.com/organization/tuspark-ventures,9,2,"Haidian, Beijing, China"
23Seed,https://www.crunchbase.com/organization/23seed,9,1,"Shanghai, Shanghai, China"
Cyril Vermeulen,https://www.crunchbase.com/person/cyril-vermeulen,9,1,"Shanghai, Shanghai, China"
Shenzhen Fortune Venture Capital,https://www.crunchbase.com/organization/shenzhen-fortune-venture-capital,9,1,"Shenzhen, Guangdong, China"
Taishan Invest AG,https://www.crunchbase.com/organization/taishan-invest-ag,9,,"Beijing, Beijing, China"
9F Group,https://www.crunchbase.com/organization/9f-fintech-holdings-group,8,,"Beijing, Beijing, China"
iDreamsky Technology,https://www.crunchbase.com/organization/idreamsky-technology,8,2,"Shenzhen, Guangdong, China"
NIO Capital,https://www.crunchbase.com/organization/nio-capital,8,,"Shanghai, Shanghai, China"
NetEase Capital,https://www.crunchbase.com/organization/netease-capital,8,,"Beijing, Beijing, China"
Iflytek (Keda Xunfei),https://www.crunchbase.com/organization/anhui-ustc-iflytek-science-and-technology-co-ltd,8,,"Hefei, Anhui, China"
GF Xinde Investment Management,https://www.crunchbase.com/organization/gf-xinde-investment-management,8,1,"Guangzhou, Guangdong, China"
PurpleSky Capital,https://www.crunchbase.com/organization/purplesky-capital,8,1,"Shanghai, Shanghai, China"
Tsing Ventures,https://www.crunchbase.com/organization/tsing-ventures,8,,"Beijing, Beijing, China"
Innohub Capital,https://www.crunchbase.com/organization/innohub-capital-3,8,,"Shenzhen, Guangdong, China"
Capital Nuts Investment Management Ltd,https://www.crunchbase.com/organization/capital-nuts,8,,"Xiamen, Fujian, China"
Ferry Venture Capital,https://www.crunchbase.com/organization/ferry-vc,8,,"Shanghai, Shanghai, China"
Origo Sino-India,https://www.crunchbase.com/organization/origo-sino-india,8,1,"Beijing, Beijing, China"
United Capital Investment Group Limited,https://www.crunchbase.com/organization/united-capital-investment-group-limited,8,1,"Shanghai, Shanghai, China"
Greenwoods Investment,https://www.crunchbase.com/organization/greenwoods-investment,8,1,"Shanghai, Shanghai, China"
Yuansheng BioVenture,https://www.crunchbase.com/organization/sungent-bioventure,8,1,"Suzhou, Jiangsu, China"
China Investment Corporation,https://www.crunchbase.com/organization/china-investment-corporation,7,2,"Beijing, Beijing, China"
NetEase,https://www.crunchbase.com/organization/netease-com,7,1,"Hangzhou, Zhejiang, China"
Bank of China,https://www.crunchbase.com/organization/bank-of-china,7,1,"Beijing, Beijing, China"
Creadev,https://www.crunchbase.com/organization/creadev,7,1,"Shanghai, Shanghai, China"
10Fund,https://www.crunchbase.com/organization/10fund,7,,"Beijing, Beijing, China"
Huagai Capital,https://www.crunchbase.com/organization/huagai-capital,7,,"Beijing, Beijing, China"
China Minsheng Bank,https://www.crunchbase.com/organization/china-minsheng-bank,7,3,"Beijing, Beijing, China"
Funcity Capital,https://www.crunchbase.com/organization/funcity-capital,7,0,"Hangzhou, Zhejiang, China"
Shenzhen Leaguer Venture Capital,https://www.crunchbase.com/organization/shenzhen-leaguer-venture-capital,7,,"Shenzhen, Guangdong, China"
Delta Capital,https://www.crunchbase.com/organization/delta-capital-2,7,,"Shanghai, Shanghai, China"
Newgen Venture Partners,https://www.crunchbase.com/organization/newgen-venture-capital,7,,"Shanghai, Shanghai, China"
State Development & Investment Corporation (SDIC),https://www.crunchbase.com/organization/state-development-investment-corporation-sdic,7,2,"Beijing, Beijing, China"
Hermed Capital,https://www.crunchbase.com/organization/hermed-capital,7,1,"Shanghai, Shanghai, China"
PGA Venture Partners,https://www.crunchbase.com/organization/pga-venture-partners,7,,"Shanghai, Shanghai, China"
Vangoo Investment Partners,https://www.crunchbase.com/organization/vangoo-investment-partners,7,1,"Beijing, Beijing, China"
Cainiao Logistics,https://www.crunchbase.com/organization/cainiao-logistics,6,2,"Shenzhen, Guangdong, China"
Huobi,https://www.crunchbase.com/organization/huobi,6,,"Beijing, Beijing, China"
Ucommune,https://www.crunchbase.com/organization/urwork,6,,"Beijing, Beijing, China"
Focus Media,https://www.crunchbase.com/organization/focus-media-2,6,1,"Shanghai, Shanghai, China"
Huayi Brothers Media Group,https://www.crunchbase.com/organization/huayi-brothers-media-group,6,1,"Beijing, Beijing, China"
S.F. Express,https://www.crunchbase.com/organization/s-f-express,6,,"Guangdong, Jilin, China"
Jun Lei,https://www.crunchbase.com/person/lei-jun,6,,"Beijing, Beijing, China"
China CITIC Bank,https://www.crunchbase.com/organization/china-citic-bank,6,,"Beijing, Beijing, China"
Bo Shen,https://www.crunchbase.com/person/bo-shen-2,6,,"Jingan, Shanghai, China"
FutureCap,https://www.crunchbase.com/organization/futurecap-e45d,6,1,"Beijing, Beijing, China"
LYZZ Capital,https://www.crunchbase.com/organization/lyzz-capital,6,1,"Shanghai, Shanghai, China"
China Life Insurance,https://www.crunchbase.com/organization/china-life-insurance,6,1,"Beijing, Beijing, China"
Hugo Barra,https://www.crunchbase.com/person/hugo-barra,6,,"Beijing, Beijing, China"
Wang Gang,https://www.crunchbase.com/person/wang-gang,6,,"Hangzhou, Zhejiang, China"
Junsan Capital,https://www.crunchbase.com/organization/junsan-capital,6,,"Shenzhen, Guangdong, China"
Zhizhuo Capital,https://www.crunchbase.com/organization/zhizhuo-cap,6,1,"Shanghai, Shanghai, China"
Yinxinggu Capital,https://www.crunchbase.com/organization/yinxinggu-capital,6,,"Hangzhou, Zhejiang, China"
The9,https://www.crunchbase.com/organization/the9,6,1,"Shanghai, Shanghai, China"
GEOC,https://www.crunchbase.com/organization/geoc-hengtong-investment-limited-partnership,6,,"Shanghai, Shanghai, China"
Zhongguancun Development Group,https://www.crunchbase.com/organization/zhongguancun-development-group,6,,"Beijing, Beijing, China"
Frontline BioVentures,https://www.crunchbase.com/organization/frontline-bioventures,6,2,"Shanghai, Shanghai, China"
Haitong Kaiyuan Investment,https://www.crunchbase.com/organization/haitong-kaiyuan-investment,6,,"Shanghai, Shanghai, China"
VenturesLab,https://www.crunchbase.com/organization/ventureslab,6,,"Beijing, Beijing, China"
Venture TDF,https://www.crunchbase.com/organization/venture-tdf,6,4,"Shanghai, Shanghai, China"
Shengjing Group,https://www.crunchbase.com/organization/shengjing-group,6,,"Beijing, Beijing, China"
Jingwei Investments,https://www.crunchbase.com/organization/jingwei-investments,6,,"Shenzhen, Guangdong, China"
Danen Ventures,https://www.crunchbase.com/organization/danen-ventures-2,6,,"Haidian, Beijing, China"
SenseTime,https://www.crunchbase.com/organization/sensetime,5,,"Beijing, Beijing, China"
58.com,https://www.crunchbase.com/organization/58-com,5,,"Chaoyang, Liaoning, China"
Sogou,https://www.crunchbase.com/organization/sogou,5,,"Beijing, Beijing, China"
iCarbonX,https://www.crunchbase.com/organization/icarbonx,5,,"Shenzhen, Guangdong, China"
Koubei.com,https://www.crunchbase.com/organization/koubei,5,,"Hangzhou, Zhejiang, China"
Suning Holdings Group,https://www.crunchbase.com/organization/suning,5,1,"Nanjing, Jiangsu, China"
51 Credit Card Manager,https://www.crunchbase.com/organization/51-credit-card-manager,5,,"Hangzhou, Zhejiang, China"
LeEco,https://www.crunchbase.com/organization/letv,5,,"Beijing, Beijing, China"
Vipshop,https://www.crunchbase.com/organization/vipshop,5,1,"Guangzhou, Guangdong, China"
UTStarcom,https://www.crunchbase.com/organization/utstarcom,5,1,"Beijing, Beijing, China"
Zhejiang Geely Holding Group,https://www.crunchbase.com/organization/zhejiang-geely-holding-group,5,1,"Hangzhou, Zhejiang, China"
William Bao Bean,https://www.crunchbase.com/person/william-bao-bean,5,,"Shanghai, Shanghai, China"
Alpha startups,https://www.crunchbase.com/organization/alpha-startups,5,,"Beijing, Beijing, China"
Pagoda Investment,https://www.crunchbase.com/organization/pagoda-investment,5,,"Beijing, Beijing, China"
China Venture Capital,https://www.crunchbase.com/organization/china-venture-capital,5,1,"Beijing, Beijing, China"
Summitview Capital,https://www.crunchbase.com/organization/summitview-capital,5,,"Shanghai, Shanghai, China"
China Oceanwide,https://www.crunchbase.com/organization/china-oceanwide-2,5,1,"Dongcheng, Shaanxi, China"
Lunar Capital,https://www.crunchbase.com/organization/lunar-capital,5,,"Shanghai, Shanghai, China"
Perfect World,https://www.crunchbase.com/organization/perfect-world,5,1,"Beijing, Beijing, China"
Kuang-Chi Science,https://www.crunchbase.com/organization/kuang-chi-science,5,,"Shenzhen, Guangdong, China"
Hangzhou Liaison Interactive Information Technology,https://www.crunchbase.com/organization/hangzhou-liaison-interactive-information-technology,5,3,"Beijing, Beijing, China"
China Vanke,https://www.crunchbase.com/organization/china-vanke,5,2,"Shenzhen, Guangdong, China"
Bob Xu,https://www.crunchbase.com/person/xu-xiaoping,5,2,"Beijing, Beijing, China"
Mangrove Capital,https://www.crunchbase.com/organization/mangrove-capital,5,,"Shenzhen, Guangdong, China"
New Alliance Capital,https://www.crunchbase.com/organization/new-alliance-capital,5,1,"Shanghai, Shanghai, China"
Quan Capital,https://www.crunchbase.com/organization/quan-capital,5,2,"Shanghai, Shanghai, China"
Sigma Square Capital,https://www.crunchbase.com/organization/sigma-square-capital,5,1,"Beijing, Beijing, China"
China Merchants Securities,https://www.crunchbase.com/organization/china-merchants-securities,5,,"Shenzhen, Guangdong, China"
Yongjin Group,https://www.crunchbase.com/organization/yongjin-group,5,,"Shanghai, Shanghai, China"
Haisco,https://www.crunchbase.com/organization/haisco,5,1,"Wenxiang, Liaoning, China"
Hao Capital,https://www.crunchbase.com/organization/hao-capital,5,1,"Beijing, Beijing, China"
Chuxin Capital,https://www.crunchbase.com/organization/chuxin-capital,5,,"Beijing, Beijing, China"
Li Qing Zeng,https://www.crunchbase.com/person/zeng-liqing,5,,"Shenzhen, Guangdong, China"
Tianjin Venture Capital,https://www.crunchbase.com/organization/tianjin-venture-capital,5,,"Tianjin, Guangdong, China"
Dasbank,https://www.crunchbase.com/organization/dasbank,5,,"Beijing, Beijing, China"
Zhixin Capital,https://www.crunchbase.com/organization/zhixincapital,5,,"Chengdu, Sichuan, China"
Toutiao,https://www.crunchbase.com/organization/toutiao,4,,"Beijing, Beijing, China"
Ximalaya FM,https://www.crunchbase.com/organization/ximalaya,4,,"Shanghai, Shanghai, China"
Meitu,https://www.crunchbase.com/organization/meitu,4,,"Xiamen, Fujian, China"
Funplus,https://www.crunchbase.com/organization/funplus-game,4,,"Haidian, Beijing, China"
Shanghai Media Group,https://www.crunchbase.com/organization/shanghai-media-group,4,,"Shanghai, Shanghai, China"
UCAR,https://www.crunchbase.com/organization/ucar,4,,"Tianjin, Guangdong, China"
Wacai,https://www.crunchbase.com/organization/wacai,4,,"Hangzhou, Zhejiang, China"
Blue Focus PR Consulting,https://www.crunchbase.com/organization/blue-focus-pr-consulting,4,,"Beijing, Beijing, China"
Bitauto Holdings,https://www.crunchbase.com/organization/bitauto-holdings,4,,"Beijing, Beijing, China"
NetPosa Technologies,https://www.crunchbase.com/organization/beijing-netposa-technologies-co-ltd,4,1,"Beijing, Beijing, China"
Sunshine Insurance Group Co Ltd,https://www.crunchbase.com/organization/sunshine-insurance-group-co-ltd,4,,"Beijing, Beijing, China"
Hakim Unique Internet,https://www.crunchbase.com/organization/hakim-information-technology,4,,"Hangzhou, Zhejiang, China"
BOE Technology Group,https://www.crunchbase.com/organization/boe-technology-group,4,,"Beijing, Beijing, China"
LYFE Capital,https://www.crunchbase.com/organization/lyfe-capital-2,4,,"Shanghai, Shanghai, China"
Xiaolai Li,https://www.crunchbase.com/person/xiaolai-li,4,,"Beijing, Beijing, China"
Huazhu Hotels Group,https://www.crunchbase.com/organization/huazhu-hotels-group,4,1,"Shanghai, Shanghai, China"
China Bridge Capital,https://www.crunchbase.com/organization/china-bridge-capital,4,,"Beijing, Beijing, China"
HuangPu River Capital,https://www.crunchbase.com/organization/huangpu-river-capital,4,1,"Shanghai, Shanghai, China"
GoerTek Inc.,https://www.crunchbase.com/organization/goertek-inc,4,1,"Weifang, Shandong, China"
"Huatai Securities Co., Ltd.",https://www.crunchbase.com/organization/huatai-securities-co-ltd,4,,"Nanjing, Jiangsu, China"
Ben Harburg,https://www.crunchbase.com/person/ben-harburg,4,1,"Beijing, Beijing, China"
"Shanghai Venture Capital Co.,Ltd",https://www.crunchbase.com/organization/shanghai-venture-capital-co-ltd,4,1,"Shanghai, Shanghai, China"
Huaxing New Economic Fund,https://www.crunchbase.com/organization/huaxing-new-economic-fund,4,1,"Beijing, Beijing, China"
Zeus Entertainment,https://www.crunchbase.com/organization/zeus-entertainment,4,1,"Dalian, Zhejiang, China"
China Pacific Insurance,https://www.crunchbase.com/organization/china-pacific-insurance,4,,"Shanghai, Shanghai, China"
New China Capital Management,https://www.crunchbase.com/organization/new-china-capital-management,4,1,"Beijing, Beijing, China"
Tao Zhang,https://www.crunchbase.com/person/tao-zhang,4,,"Shanghai, Shanghai, China"
ShangPharma,https://www.crunchbase.com/organization/shangpharma,4,,"Shanghai, Shanghai, China"
Tsinghua Holdings,https://www.crunchbase.com/organization/tsinghua-holdings,4,2,"Beijing, Beijing, China"
Tasly Pharmaceutical,https://www.crunchbase.com/organization/tasly-pharmaceutical,4,1,"Tianjin, Guangdong, China"
Kaiwu Capital,https://www.crunchbase.com/organization/kaiwu-capital,4,,"Beijing, Beijing, China"
Victor Wang,https://www.crunchbase.com/person/wang-qiang,4,,"Beijing, Beijing, China"
Hanfor Holdings,https://www.crunchbase.com/organization/hanfor-holdings,4,,"Beijing, Beijing, China"
Share Capital Partners,https://www.crunchbase.com/organization/share-capital-partners,4,1,"Shenzhen, Guangdong, China"
LeBox Capital,https://www.crunchbase.com/organization/lebox-capital,4,,"Beijing, Beijing, China"
Richard Chen,https://www.crunchbase.com/person/richard-chen-ch,4,1,"Shanghai, Shanghai, China"
Morning Crest Capital,https://www.crunchbase.com/organization/morning-crest-capital,4,,"Huangpu, Shanghai, China"
Cloud Angel Fund,https://www.crunchbase.com/organization/cloud-angel-fund,4,,"Beijing, Beijing, China"
Shanghai Creation Investment,https://www.crunchbase.com/organization/shanghai-creation-investment-management-co-ltd,4,1,"Shanghai, Shanghai, China"
C-Bridge Capital,https://www.crunchbase.com/organization/cbridge-capital,4,1,"Shanghai, Shanghai, China"
Infotech Ventures,https://www.crunchbase.com/organization/infotech-ventures,4,2,"Shanghai, Shanghai, China"
China Soft Capital,https://www.crunchbase.com/organization/china-soft-capital,4,,"Dongcheng, Shaanxi, China"
Qifu Capital Management,https://www.crunchbase.com/organization/qifu-capital-management,4,,"Shenzhen, Guangdong, China"
Pan-Lin Asset Management,https://www.crunchbase.com/organization/pan-lin-asset-management,4,,"Shanghai, Shanghai, China"
Shanghai Alliance,https://www.crunchbase.com/organization/shanghai-alliance,4,,"Shanghai, Shanghai, China"
Leaguer Tsing-Yuan Venture Capital,https://www.crunchbase.com/organization/leaguer-tsing-yuan-venture-capital,4,1,"Shenzhen, Guangdong, China"
Cathaya Capital,https://www.crunchbase.com/organization/cathaya-capital,4,,"Shanghai, Shanghai, China"
Zero2IPO Capital,https://www.crunchbase.com/organization/zero2ipo-capital,4,1,"Beijing, Beijing, China"
iQiyi,https://www.crunchbase.com/organization/iqiyi,3,,"Beijing, Beijing, China"
DJI,https://www.crunchbase.com/organization/dji,3,1,"Shenzhen, Guangdong, China"
Qunar.com,https://www.crunchbase.com/organization/qunar-com,3,,"Beijing, Beijing, China"
WM Motor,https://www.crunchbase.com/organization/wm-motor,3,1,"Shanghai, Shanghai, China"
Youku,https://www.crunchbase.com/organization/youku,3,,"Shanghai, Shanghai, China"
Lakala,https://www.crunchbase.com/organization/lakala,3,,"Beijing, Beijing, China"
TalkingData,https://www.crunchbase.com/organization/talking-data,3,1,"Beijing, Beijing, China"
Bona Film Group,https://www.crunchbase.com/organization/bona-film-group,3,1,"Chaoyang, Liaoning, China"
Jumei,https://www.crunchbase.com/organization/jumei-com,3,1,"Beijing, Beijing, China"
Thundersoft,https://www.crunchbase.com/organization/thundersoft-company-limited,3,,"Beijing, Beijing, China"
Ourpalm,https://www.crunchbase.com/organization/ourpalm,3,1,"Beijing, Beijing, China"
Phoenix New Media,https://www.crunchbase.com/organization/phoenix-new-media,3,,"Beijing, Beijing, China"
Hua Partners,https://www.crunchbase.com/organization/hua-partners,3,,"Shenzhen, Guangdong, China"
ZTE,https://www.crunchbase.com/organization/zte-corporation,3,1,"Shenzhen, Guangdong, China"
Sumavision,https://www.crunchbase.com/organization/sumavision,3,,"Beijing, Beijing, China"
SAIC Motor,https://www.crunchbase.com/organization/saic-motor,3,,"Shanghai, Shanghai, China"
Greenland Hong Kong Holdings Limited,https://www.crunchbase.com/organization/greenland-hong-kong-holdings-limited,3,,"Shanghai, Shanghai, China"
BAIC Group,https://www.crunchbase.com/organization/baic-group,3,1,"Beijing, Beijing, China"
Baidu Video,https://www.crunchbase.com/organization/baidu-video,3,,"Beijing, Beijing, China"
Digital Finance Group,https://www.crunchbase.com/organization/digital-finance-group,3,,"Shanghai, Shanghai, China"
Shenzhen Valley Ventures,https://www.crunchbase.com/organization/shenzhen-valley-ventures,3,,"Shenzhen, Guangdong, China"
Bobby Lee,https://www.crunchbase.com/person/bobby-lee-ch,3,1,"Shanghai, Shanghai, China"
Midea Group,https://www.crunchbase.com/organization/midea-2,3,1,"Guangdong, Jilin, China"
GSR Capital,https://www.crunchbase.com/organization/gsr-capital,3,,"Beijing, Beijing, China"
He Xiaopeng,https://www.crunchbase.com/person/he-xiaopeng,3,,"Guangzhou, Guangdong, China"
Shenzhen O-film Technology,https://www.crunchbase.com/organization/shenzhen-o-film-technology,3,,"Guangming, Hunan, China"
Noah Holdings,https://www.crunchbase.com/organization/noah-holdings,3,,"Yangpu, Hainan, China"
Weixing Chen,https://www.crunchbase.com/person/weixing-chen,3,,"Hangzhou, Zhejiang, China"
CHINA.COM,https://www.crunchbase.com/organization/china-com,3,1,"Beijing, Beijing, China"
Renren Lianhe Holdings,https://www.crunchbase.com/organization/renren-lianhe-holdings,3,,"Chaoyang, Liaoning, China"
TCL Communication Technology Holdings Limited,https://www.crunchbase.com/organization/tcl-communication,3,,"Guangdong, Jilin, China"
China Science & Merchants Investment Management Group,https://www.crunchbase.com/organization/china-science-merchants-venture-capital-management,3,1,"Beijing, Beijing, China"
Suning.com,https://www.crunchbase.com/organization/suning-commerce-group,3,,"Nanjing, Jiangsu, China"
Bo Feng,https://www.crunchbase.com/person/bo-feng,3,,"Chaoyang, Liaoning, China"
Loyal Valley Capital,https://www.crunchbase.com/organization/loyal-valley-capital,3,1,"Shanghai, Shanghai, China"
Tsinghua Venture Capital,https://www.crunchbase.com/organization/tsinghua-vc,3,2,"Beijing, Beijing, China"
Ping An Bank,https://www.crunchbase.com/organization/ping-an-bank,3,2,"Guangdong, Jilin, China"
Aureos Capital,https://www.crunchbase.com/organization/aureos-capital,3,,"Qingdao Shi, Shandong, China"
Silverlink Capital,https://www.crunchbase.com/organization/silverlink-capital,3,1,"Taiwan, Jiangsu, China"
China Cinda Asset Management,https://www.crunchbase.com/organization/china-cinda-asset-management,3,,"Beijing, Beijing, China"
Bank of Beijing,https://www.crunchbase.com/organization/bank-of-beijing,3,1,"Beijing, Beijing, China"
MNC Media Investment,https://www.crunchbase.com/organization/linktone,3,,"Beijing, Beijing, China"
Jinjiang International,https://www.crunchbase.com/organization/jinjiang-international,3,2,"Shanghai, Shanghai, China"
Beijing Cultural Center Fund,https://www.crunchbase.com/organization/beijing-cultural-center-fund,3,2,"Beijing, Beijing, China"
Chenchao Zhuang,https://www.crunchbase.com/person/chen-chao-zhuang,3,,"China, Asia"
Dayang Group,https://www.crunchbase.com/organization/dayanggroup,3,,"Dalian, Zhejiang, China"
HNA Tourism Group,https://www.crunchbase.com/organization/hna-tourism-group,3,2,"Beijing, Beijing, China"
Zhong Capital Fund,https://www.crunchbase.com/organization/zhong-capital-fund,3,1,"Chaoyang, Liaoning, China"
Zhisland Capital,https://www.crunchbase.com/organization/zhisland-capital,3,,"Beijing, Beijing, China"
Trinitas Capital,https://www.crunchbase.com/organization/trinitas-capital,3,2,"Beijing, Beijing, China"
TDF Capital,https://www.crunchbase.com/organization/tdf-capital,3,2,"Pudong, Shandong, China"
China Materialia,https://www.crunchbase.com/organization/china-materialia,3,,"Shanghai, Shanghai, China"
China Gaoxin Investment Group Corp.,https://www.crunchbase.com/organization/china-gaoxin-investment-group-corp,3,1,"Beijing, Beijing, China"
Taishan XD (TXD) Ventures,https://www.crunchbase.com/organization/taishan-xd-txd-ventures,3,,"Beijing, Beijing, China"
BEIID,https://www.crunchbase.com/organization/beiid,3,1,"Beijing, Beijing, China"
Jolmo Capital Management,https://www.crunchbase.com/organization/jolmo-capital-management,3,1,"Nanjing, Jiangsu, China"
Xinhu Zhongbao Co Ltd,https://www.crunchbase.com/organization/xinhu-zhongbao,3,1,"Hangzhou, Zhejiang, China"
Acer Capital,https://www.crunchbase.com/organization/acercapital,3,2,"Taiwan, Jiangsu, China"
Yuan Zhen Capital,https://www.crunchbase.com/organization/yuan-zhen-capital,3,,"Beijing, Beijing, China"
Qiaojing Capital,https://www.crunchbase.com/organization/qiaojing-capital,3,,"Shanghai, Shanghai, China"
Hepalink,https://www.crunchbase.com/organization/hepalink,3,,"Shenzhen, Guangdong, China"
Innovation Camp,https://www.crunchbase.com/organization/innovation-camp,3,,"Shanghai, Shanghai, China"
InnoValley China,https://www.crunchbase.com/organization/innovalley-china,3,,"Shenzhen, Guangdong, China"
Hua-Yuan Group,https://www.crunchbase.com/organization/hua-yuan-group,3,1,"Xicheng, Hebei, China"
Infotech Pacific Ventures,https://www.crunchbase.com/organization/infotech-pacific-ventures,3,2,"Shanghai, Shanghai, China"
Mingly China Growth Fund,https://www.crunchbase.com/organization/mingly-china-growth-fund,3,,"Beijing, Beijing, China"
Dragonvest Partners,https://www.crunchbase.com/organization/dragonvest-partners,3,,"Shanghai, Shanghai, China"
GP Healthcare Capital,https://www.crunchbase.com/organization/gp-healthcare-capital,3,1,"Shanghai, Shanghai, China"
Huang Mingming,https://www.crunchbase.com/person/huang-mingming,3,,"Chaoyang, Liaoning, China"
Shenzhen Qianhe Capital Management,https://www.crunchbase.com/organization/shenzhen-qianhe-capital-management,3,,"Shenzhen, Guangdong, China"
Maintrend Capital,https://www.crunchbase.com/organization/maintrend-capital,3,,"Beijing, Beijing, China"
ZTEVC,https://www.crunchbase.com/organization/ztevc,3,,"Shenzhen, Guangdong, China"
Songbo Li,https://www.crunchbase.com/person/songbo-li,3,,"Changzhou, Zhejiang, China"
GuoHe Capital,https://www.crunchbase.com/organization/guohe-capital,3,,"Shanghai, Shanghai, China"
Zhejiang VIE Science and Technology Company,https://www.crunchbase.com/organization/zhejiang-vie-science-and-technology-company,3,,"Shaoxing, Zhejiang, China"
SIIC Investment,https://www.crunchbase.com/organization/siic-investment,3,2,"Shanghai, Shanghai, China"
General Technology Venture Capital,https://www.crunchbase.com/organization/general-technology-venture-capital,3,,"Beijing, Beijing, China"
Right & Sun Investment Holding Co.,https://www.crunchbase.com/organization/shenzhen-right-sun-investment-holding-co-ltd,3,,"Shenzhen, Guangdong, China"
91Capital,https://www.crunchbase.com/organization/91capital,3,,"Taiwan, Jiangsu, China"
ByteDance,https://www.crunchbase.com/organization/bytedance,2,,"Haidian, Beijing, China"
Bilibili,https://www.crunchbase.com/organization/bilibili-inc,2,,"Shanghai, Shanghai, China"
Tencent Music,https://www.crunchbase.com/organization/tencent-music-group,2,1,"Shenzhen, Guangdong, China"
Megvii Technology,https://www.crunchbase.com/organization/megvii-technology,2,,"Beijing, Beijing, China"
Huawei,https://www.crunchbase.com/organization/huawei,2,,"Shenzhen, Guangdong, China"
Yitu Technology,https://www.crunchbase.com/organization/yitu-technology,2,,"Shanghai, Shanghai, China"
Wecash,https://www.crunchbase.com/organization/wecash,2,,"Beijing, Beijing, China"
Yeahmobi,https://www.crunchbase.com/organization/yeahmobi,2,,"Xian, Hunan, China"
Coocaa,https://www.crunchbase.com/organization/coocaa,2,,"Shenzhen, Guangdong, China"
Neusoft Group,https://www.crunchbase.com/organization/neusoft,2,,"Shenyang, Liaoning, China"
MiningLamp,https://www.crunchbase.com/organization/mininglamp,2,,"Beijing, Beijing, China"
Beijing Weiying Technology,https://www.crunchbase.com/organization/beijing-weiying-technology,2,1,"Beijing, Beijing, China"
imToken,https://www.crunchbase.com/organization/imtoken,2,,"Hangzhou, Zhejiang, China"
Hundsun Technologies,https://www.crunchbase.com/organization/hundsun-technologies,2,,"Zhenjiang, Guangdong, China"
Jiguang,https://www.crunchbase.com/organization/jiguang,2,,"Shenzhen, Guangdong, China"
Xunlei,https://www.crunchbase.com/organization/kankan,2,,"Shenzhen, Guangdong, China"
58 Daojia,https://www.crunchbase.com/organization/58daojia,2,,"Beijing, Beijing, China"
Gaosi Education Group,https://www.crunchbase.com/organization/gaosi-education-group,2,,"Beijing, Beijing, China"
Le Sports,https://www.crunchbase.com/organization/le-sports,2,1,"Beijing, Beijing, China"
Dotc United Group,https://www.crunchbase.com/organization/dotc-united-group,2,,"Shanghai, Shanghai, China"
Omni Prime Inc.,https://www.crunchbase.com/organization/omni-prime-inc,2,,"Shanghai, Shanghai, China"
Tsinghua Unigroup International,https://www.crunchbase.com/organization/tsinghua-unigroup-international,2,1,"Beijing, Beijing, China"
CAR Inc.,https://www.crunchbase.com/organization/china-auto-rental-holdings,2,1,"Beijing, Beijing, China"
8btc.com,https://www.crunchbase.com/organization/8btc-com,2,,"Shanghai, Shanghai, China"
Linekong,https://www.crunchbase.com/organization/linekong,2,,"Dongguancun, Anhui, China"
Jack Ma,https://www.crunchbase.com/person/jack-ma,2,1,"Hangzhou, Zhejiang, China"
Forgame,https://www.crunchbase.com/organization/forgame,2,,"Guangzhou, Guangdong, China"
Bank of Communications,https://www.crunchbase.com/organization/bank-of-communications,2,,"Shanghai, Shanghai, China"
Zero2IPO,https://www.crunchbase.com/organization/zero2ipo,2,,"Beijing, Beijing, China"
FINUP,https://www.crunchbase.com/organization/finup,2,,"Beijing, Beijing, China"
Angel Club,https://www.crunchbase.com/organization/angel-club,2,,"Shenzhen, Guangdong, China"
KongZhong,https://www.crunchbase.com/organization/kongzhong,2,1,"Beijing, Beijing, China"
Elex Technology,https://www.crunchbase.com/organization/elex-technology,2,1,"Beijing, Beijing, China"
Hangzhou Tigermed Consulting Co,https://www.crunchbase.com/organization/hangzhou-tigermed-technology-co-ltd,2,,"Hangzhou, Zhejiang, China"
UnionPay International,https://www.crunchbase.com/organization/unionpay-international,2,1,"Shanghai, Shanghai, China"
NEO,https://www.crunchbase.com/organization/neo,2,,"Shanghai, Shanghai, China"
Duncan Turner,https://www.crunchbase.com/person/duncan-turner,2,,"Shenzhen, Guangdong, China"
Autohome,https://www.crunchbase.com/organization/autohome,2,,"Haidian, Beijing, China"
Fenqile,https://www.crunchbase.com/organization/fenqile,2,,"Shenzhen, Guangdong, China"
Contemporary Amperex Technology,https://www.crunchbase.com/organization/contemporary-amperex-technology,2,,"Ningde, Fujian, China"
NavInfo,https://www.crunchbase.com/organization/navinfo,2,,"Beijing, Beijing, China"
Jade Capital,https://www.crunchbase.com/organization/ancient-jade-capital,2,,"Beijing, Beijing, China"
Bits x Bites,https://www.crunchbase.com/organization/bits-x-bites,2,,"Shanghai, Shanghai, China"
Silk Road Fund,https://www.crunchbase.com/organization/silk-road-fund,2,,"Beijing, Beijing, China"
China Electronics Corporation (CEC),https://www.crunchbase.com/organization/china-electronics-corporation-cec,2,,"Beijing, Beijing, China"
Shou Zi Chew,https://www.crunchbase.com/person/shou-zi-chew,2,,"Haidian, Beijing, China"
GL Capital,https://www.crunchbase.com/organization/gl-capital,2,1,"Shanghai, Shanghai, China"
Hanhai Investment Inc.,https://www.crunchbase.com/organization/hanhai-investment,2,,"Beijing, Beijing, China"
Chinese Academy Of Sciences,https://www.crunchbase.com/organization/chinese-academy-of-sciences,2,1,"Beijing, Beijing, China"
AdMaster,https://www.crunchbase.com/organization/admaster,2,,"Shanghai, Shanghai, China"
Insight Capital,https://www.crunchbase.com/organization/insight-capital,2,,"Beijing, Beijing, China"
Evergrande Health Industry Group,https://www.crunchbase.com/organization/evergrande-health-industry-group,2,,"Guangzhou, Guangdong, China"
SMIC,https://www.crunchbase.com/organization/smic,2,,"Shanghai, Shanghai, China"
Ping An Capital,https://www.crunchbase.com/organization/ping-an-capital,2,,"Shanghai, Shanghai, China"
Sunny Optical Technology,https://www.crunchbase.com/organization/sunny-optical-technology,2,1,"Yuyao, Zhejiang, China"
Youzu Interactive,https://www.crunchbase.com/organization/youzu-interactive,2,,"Shanghai, Shanghai, China"
Fortune Fountain Capital,https://www.crunchbase.com/organization/fortune-fountain-capital,2,,"Beijing, Beijing, China"
Enlight Media,https://www.crunchbase.com/organization/enlight-media,2,,"Beijing, Beijing, China"
Credit China FinTech Holdings,https://www.crunchbase.com/organization/china-credit-limited-holdings,2,,"Pudong, Shandong, China"
Guotai Junan Securities,https://www.crunchbase.com/organization/guotai-junan-securities,2,1,"Shanghai, Shanghai, China"
Lucion Venture Capital,https://www.crunchbase.com/organization/lucion-venture-capital,2,,"Shandong, Fujian, China"
Amalfi Capital,https://www.crunchbase.com/organization/amalfi-capital,2,,"Shanghai, Shanghai, China"
Gaorong Capital,https://www.crunchbase.com/organization/gaorong-capital,2,,"Jingan, Shanghai, China"
Huace Film & TV,https://www.crunchbase.com/organization/huace-film-tv,2,2,"Hangzhou, Zhejiang, China"
Luye Pharma,https://www.crunchbase.com/organization/luye-pharma,2,,"Shanghai, Shanghai, China"
Tsinghua Tongfang,https://www.crunchbase.com/organization/tsinghua-tongfang,2,,"Beijing, Beijing, China"
Taiyou Fund,https://www.crunchbase.com/organization/taiyou-fund,2,,"Beijing, Beijing, China"
Wei Hopeman,https://www.crunchbase.com/person/wei-hopeman,2,,"Shanghai, Shanghai, China"
China Environmental Fund,https://www.crunchbase.com/organization/china-environmental-fund,2,,"Beijing, Beijing, China"
Bixin,https://www.crunchbase.com/organization/bixin,2,,"Shanghai, Shanghai, China"
Fang Group,https://www.crunchbase.com/organization/fanggroup,2,,"Chaoyang, Liaoning, China"
Weilai Capital,https://www.crunchbase.com/organization/weilai-capital,2,,"Shanghai, Shanghai, China"
Andrew Yan,https://www.crunchbase.com/person/andrew-y-yan,2,,"Beijing, Beijing, China"
Livzon Pharmaceutical Group,https://www.crunchbase.com/organization/livzon-pharmaceutical-group,2,,"Zhuhai, Guangdong, China"
Betta Pharmaceuticals,https://www.crunchbase.com/organization/betta-pharmaceuticals,2,,"Hangzhou, Zhejiang, China"
Dragonrise Capital,https://www.crunchbase.com/organization/dragonrise-capital,2,,"Shanghai, Shanghai, China"
Fang Fund Partners,https://www.crunchbase.com/organization/fang-fund-partners,2,1,"Chaoyang, Liaoning, China"
Jade Invest,https://www.crunchbase.com/organization/jade-invest,2,1,"Shanghai, Shanghai, China"
LongTec China Ventures,https://www.crunchbase.com/organization/longtec-china-ventures,2,,"Shanghai, Shanghai, China"
Beijing Zhongguancun Overseas Science Park Co.Ltd,https://www.crunchbase.com/organization/beijing-zhongguancun-overseas-science-park-co-ltd,2,,"Beijing, Beijing, China"
Sinopharm Group,https://www.crunchbase.com/organization/sinopharm-group,2,,"Shanghai, Shanghai, China"
ShenZhen (SZSE),https://www.crunchbase.com/organization/shenzhen,2,,"Shenzhen, Guangdong, China"
Bohai Leasing,https://www.crunchbase.com/organization/bohai-leasing,2,1,"Beijing, Beijing, China"
Leoch Battery,https://www.crunchbase.com/organization/leoch-battery,2,,"Shenzhen, Guangdong, China"
Zhongzhi Enterprise Group,https://www.crunchbase.com/organization/zhongzhi-enterprise-group,2,1,"Chaoyang, Liaoning, China"
Broadhi Capital,https://www.crunchbase.com/organization/broadhi-capital,2,,"Shanghai, Shanghai, China"
DiNovA Capital,https://www.crunchbase.com/organization/dinova-venture-partners,2,,"Shenzhen, Guangdong, China"
Hongyi Zhou,https://www.crunchbase.com/person/hongyi-zhou,2,1,"Beijing, Beijing, China"
China Ministry of Finance,https://www.crunchbase.com/organization/china-ministry-of-finance,2,,"Beijing, Beijing, China"
CSV Capital Partners,https://www.crunchbase.com/organization/china-seed-ventures,2,,"Shanghai, Shanghai, China"
SDIC Capital,https://www.crunchbase.com/organization/sdic-capital,2,,"Shanghai, Shanghai, China"
Bank of Nanjing,https://www.crunchbase.com/organization/bank-of-nanjing,2,,"Nanjing, Jiangsu, China"
Suzhou Dongshan Precision Manufacturing,https://www.crunchbase.com/organization/suzhou-dongshan-precision-manufacturing,2,,"Suzhou, Jiangsu, China"
Manzi Xue,https://www.crunchbase.com/person/manzi-xue,2,,"Beijing, Beijing, China"
Benjamin Joffe,https://www.crunchbase.com/person/benjamin-joffe,2,,"Shenzhen, Guangdong, China"
Chengdu Technology Transfer Group,https://www.crunchbase.com/organization/chengdu-technology-transfer-group,2,,"Chengdu, Sichuan, China"
RiverHill Fund,https://www.crunchbase.com/organization/riverhillfund,2,,"Hangzhou, Zhejiang, China"
Wang Sicong,https://www.crunchbase.com/person/wang-sicong,2,1,"Dalian, Zhejiang, China"
Real Power Capital,https://www.crunchbase.com/organization/real-power-capital,2,,"Xuhui, Shanghai, China"
Sunyard,https://www.crunchbase.com/organization/sunyard,2,,"Hangzhou, Zhejiang, China"
Prime Value Capital Management,https://www.crunchbase.com/organization/prime-value-capital-management,2,,"Beijing, Beijing, China"
Hanwang Technology,https://www.crunchbase.com/organization/hanwang-technology,2,,"Beijing, Beijing, China"
CMHJ Partners,https://www.crunchbase.com/organization/cmhj-partners,2,,"Shanghai, Shanghai, China"
Fortune Link,https://www.crunchbase.com/organization/fortune-link,2,,"Beijing, Beijing, China"
Heaven-Sent Capital Management,https://www.crunchbase.com/organization/heaven-sent-capital-management,2,,"Beijing, Beijing, China"
Deppon Logistics,https://www.crunchbase.com/organization/deppon-logistics,2,,"Shanghai, Shanghai, China"
HNA Capital,https://www.crunchbase.com/organization/hna-capital,2,,"Beijing, Beijing, China"
The Chinese Founders Fund,https://www.crunchbase.com/organization/the-chinese-founders-fund,2,1,"Beijing, Beijing, China"
Huiying Financial Service,https://www.crunchbase.com/organization/huiying-financial-service,2,,"Shanghai, Shanghai, China"
Shanghai Liuhe Capital,https://www.crunchbase.com/organization/shanghai-liuhe-capital,2,,"Shanghai, Shanghai, China"
Paul Wu,https://www.crunchbase.com/person/paul-wu,2,,"Taiwan, Jiangsu, China"
China-Israel Value Capital,https://www.crunchbase.com/organization/china-israel-value-capital,2,1,"Shenzhen, Guangdong, China"
Bean Capital,https://www.crunchbase.com/organization/bean-capital,2,,"Beijing, Beijing, China"
Salubris Pharmaceutical,https://www.crunchbase.com/organization/salubris-pharmaceutical,2,,"Shenzhen, Guangdong, China"
GoHigh Fund,https://www.crunchbase.com/organization/gohigh-fund,2,,"Beijing, Beijing, China"
Co-Power Venture Capital,https://www.crunchbase.com/organization/co-power-venture-capital,2,,"Shenzhen, Guangdong, China"
Govtor Capital,https://www.crunchbase.com/organization/govtor-capital,2,,"Shanghai, Shanghai, China"
Pangu Venture Capital,https://www.crunchbase.com/organization/pangu-venture-capital,2,,"Beijing, Beijing, China"
Dunan Holding Group,https://www.crunchbase.com/organization/dunan-group,2,,"Hangzhou, Zhejiang, China"
RITEK Corporation,https://www.crunchbase.com/organization/ritek-corporation,2,1,"Taiwan, Jiangsu, China"
Zhongding Power,https://www.crunchbase.com/organization/zhongding-power,2,,"Xuancheng, Anhui, China"
Everbright ReinFore,https://www.crunchbase.com/organization/everbright-reinfore,2,,"Shenzhen, Guangdong, China"
CITIC M&A Fund,https://www.crunchbase.com/organization/citic-m-a-fund,2,1,"Beijing, Beijing, China"
Aikang Group,https://www.crunchbase.com/organization/aikang-group,2,,"Beijing, Beijing, China"
Chayuan Venture Capital,https://www.crunchbase.com/organization/chayuan-venture-capital,2,,"Beijing, Beijing, China"
Huaxin Century Investment Group,https://www.crunchbase.com/organization/huaxin-century-investment-group,2,,"Beijing, Beijing, China"
Qianshi Capital,https://www.crunchbase.com/organization/qianshi-capital,2,,"Beijing, Beijing, China"
Sichuan Culture Industry Fund,https://www.crunchbase.com/organization/sichuan-culture-industry-fund,2,,"Sichuan, Gansu, China"
Touch Wood,https://www.crunchbase.com/organization/touchwood,2,,"Longhua, Guangdong, China"
Changyou Fund,https://www.crunchbase.com/organization/changyou-fund,2,,"Shijingshan, Beijing, China"
Xiangyang Yang,https://www.crunchbase.com/person/xiangyang-yang,2,,"Shenzhen, Guangdong, China"
Huayu Investment,https://www.crunchbase.com/organization/huayu-investment,2,,"Beijing, Beijing, China"
Gaojie Capital,https://www.crunchbase.com/organization/gaojie-capital,2,,"Beijing, Beijing, China"
